Name;Type;Units  or  mass;Status;Launched;NORAD  ID;Deployer;Launcher;Organisation;Institution;Entity;Nation;Launch  brokerer;Oneliner;Images
TUBSAT-N;Nanosatellite;8.5  kg;Reentry  2002-04-22.  Was  operational  until  2000-XX-XX.  More  than  two  years  of  operation.;1998-07-07;25389;Custom;Shtil;Technische  Universität  Berlin  ;University;Academic  /  Education;Germany;Unknown;Store  and  forward  communication.;['https://dl.airtable.com/tmIbFYPASASTaaOTUb9H_tubsat-n__1.jpg']
TUBSAT-N1;Nanosatellite;3  kg;Reentry  2000-10-20.  Was  operational  until  1999-XX-XX.  About  1  year  operation.;1998-07-07;25390;Custom;Shtil;Technische  Universität  Berlin;University;Academic  /  Education;Germany;Unknown;Store  and  forward  communication.;['https://dl.airtable.com/tleKH0ZoRuSsUrov1Bwc_tubsat-n1__1.jpg']
CanX-1;CubeSat;1U;No  signal;2003-03-30;27847;P-POD  (Poly-Picosatellite  Orbital  Deployer);Rokot;Space  Flight  Laboratory;Institute;Government  (Civil  /  Military);Canada;Space  Flight  Laboratory  (UTIAS-SFL);Demonstrate  novel  technologies  for  ADCS.;['https://dl.airtable.com/KidcFkpzR0eOdDsTIsuQ_CanX-1.png']
CUTE-I  (Cubical  Tokyo  Tech  Engineering  Satellite-I);CubeSat;1U;Operational  (Last  SatNOGS  report  2019-05-23  checked  on  2019-05-24);2003-03-30;27844;P-POD  (Poly-Picosatellite  Orbital  Deployer);Rokot;Tokyo  Institute  of  Technology;University;Academic  /  Education;Japan;Space  Flight  Laboratory  (UTIAS-SFL);Communication  and  solar  panel  deployment.;['https://dl.airtable.com/w4peMNmRfGPf8Wg3JYtO_CUTE-I_FM_0530.jpg']
AeroCube-1;CubeSat;1U;Launch  failure;2006-07-26;Launch  failure;P-POD  (Poly-Picosatellite  Orbital  Deployer);Dnepr;The  Aerospace  Corporation;Non-profit;Government  (Civil  /  Military);US;Cal  Poly;Demonstrate  CubeSat  platform  technologies  and  CMOS  camera.;['https://dl.airtable.com/pHl5Is9RMONDCMJLEZJ7_AeroCube-1.png']
HAUSat-1  (Hannuri-1,  Hankuk  Aviation  University  SATellite-1);CubeSat;1U;Launch  failure;2006-07-26;Launch  failure;P-POD  (Poly-Picosatellite  Orbital  Deployer);Dnepr;Korea  Aerospace  University  (Hankuk  Aviation  University);University;Academic  /  Education;South  Korea;Cal  Poly;Demonstrate  CubeSat  platform  technologies  with  focus  on  ADCS.;['https://dl.airtable.com/fpn1QeUxSp6BqAiGgEQT_hausat-1__1.jpg']
KUTESat;CubeSat;1U;Launch  failure;2006-07-26;Launch  failure;P-POD  (Poly-Picosatellite  Orbital  Deployer);Dnepr;University  of  Kansas;University;Academic  /  Education;US;Cal  Poly;Educational  space  systems  engineering  and  taking  photos.;['https://dl.airtable.com/H0ZwzcZ3TWiovbYxs58g_KUTESat.png']
Mea  Huaka  (Voyager);CubeSat;1U;Launch  failure;2006-07-26;Launch  failure;P-POD  (Poly-Picosatellite  Orbital  Deployer);Dnepr;University  of  Hawaii;University;Academic  /  Education;US;Cal  Poly;Demonstrate  CubeSat  bus  and  test  active  antenna  for  high  speed  communication.;['https://dl.airtable.com/wbngvtXRSnipQfaTyfrz_Mea%20Huaka.png']
MEROPE  (Montana  Earth-Orbiting  Pico-Explorer);CubeSat;1U;Launch  failure;2006-07-26;Launch  failure;P-POD  (Poly-Picosatellite  Orbital  Deployer);Dnepr;Montana  State  University;University;Academic  /  Education;US;Cal  Poly;Measure  the  radiation  of  the  Van  Allen  radiation  belts.;['https://dl.airtable.com/rYWN8BmTGmbwbMKAHzPc_merope__1.jpg']
PicPoT  (Small  Satellite  of  Politecnico  di  Torino);Nanosatellite;2.5  kg;Launch  failure;2006-07-26;Launch  failure;P-POD  (Poly-Picosatellite  Orbital  Deployer);Dnepr;Polytechnic  University  of  Turin;University;Academic  /  Education;Italy;Cal  Poly;Educational  space  systems  engineering  and  taking  photos.;['https://dl.airtable.com/9nBbsCymRAS3rbVc3Yzl_PiCPoT.jpg']
RinCon  1;CubeSat;1U;Launch  failure;2006-07-26;Launch  failure;P-POD  (Poly-Picosatellite  Orbital  Deployer);Dnepr;University  of  Arizona;University;Academic  /  Education;US;Cal  Poly;Independent  low-power  beacon  system  in  analog  form.;['https://dl.airtable.com/Zi2evRAlQnyetf7CSHxM_RinCon.png']
SACRED  (AlcatelSat);CubeSat;1U;Launch  failure;2006-07-26;Launch  failure;P-POD  (Poly-Picosatellite  Orbital  Deployer);Dnepr;University  of  Arizona;University;Academic  /  Education;US;Cal  Poly;Measure  the  total  amount  of  radiation  and  test  radiation  effect  on  four  commercial  integrated  circuits.  ;['https://dl.airtable.com/r2NSTXlTQJa9aine90cH_RinCon.png']
SEEDS;CubeSat;1U;Launch  failure;2006-07-26;Launch  failure;P-POD  (Poly-Picosatellite  Orbital  Deployer);Dnepr;Nihon  University;University;Academic  /  Education;Japan;Cal  Poly;Educational  space  systems  engineering.;['https://dl.airtable.com/NdtBDDaDShGB3IuSsQ6c_SEEDS.jpg']
HIT-Sat;Nanosatellite;2.7  kg;Reentry  2008-06-18.  Was  operational  until  2007-02-03,  afterwards  intermittent  beacon.;2006-09-22;29484;Custom;M-V  (M-5);Hokkaido  Institute  of  Technology;University;Academic  /  Education;Japan;JAXA,  ?;Demonstrate  CubeSat  platform  technologies.;['https://dl.airtable.com/LSJ2J6LRQYeTa1vuiExw_HIT-Sat.jpg']
CAPE-1;CubeSat;1U;Was  operational  until  XXXX-XX-XX,  unknown  time.;2007-04-17;31130;P-POD  (Poly-Picosatellite  Orbital  Deployer);Dnepr;University  of  Louisiana  at  Lafayette;University;Academic  /  Education;US;Cal  Poly;Educational  space  systems  engineering.;['https://dl.airtable.com/1Ma7N1CT3SwHkuIglJw6_cape-1__1.jpg']
CP3;CubeSat;1U;Was  operational  until?  (Official  website  claims  it  was  operational,  Skyrocket  and  DK3WN  claim  no  sigmals.;2007-04-17;31129;P-POD  (Poly-Picosatellite  Orbital  Deployer);Dnepr;California  Polytechnic  University;University;Academic  /  Education;US;Cal  Poly;Educational  space  systems  engineering  with  focus  on  ADCS.;['https://dl.airtable.com/0q5ZNDs1QISMsO65K89L_CP3.png']
CSTB-1  (CubeSat  TestBed  1);CubeSat;1U;Was  operational  until  2009-11-XX.  Retired.;2007-04-17;31122;P-POD  (Poly-Picosatellite  Orbital  Deployer);Dnepr;Boeing;Company;Commercial;US;Cal  Poly;Demonstrate  CubeSat  platform  technologies.;['https://dl.airtable.com/eUttJgK2RXeYK5qsCRws_CSTB-1.png']
Libertad-1;CubeSat;1U;Was  operational  until  2007-05-07.  DK3WN  reports  end  there  and  show  increasing  problems.  Written  in  Wiki  that  it  was  working  over  2  years?  Skyrocket  claims  nothing  heard,  but  seems  wrong.;2007-04-17;31128;P-POD  (Poly-Picosatellite  Orbital  Deployer);Dnepr;Sergio  Arboleda  University;University;Academic  /  Education;Colombia;Cal  Poly;Educational  space  systems  engineering  and  transmission  of  Colombian  national  anthem.;['https://dl.airtable.com/PSnhuQL5TbWVm6RIr44A_libertad-1__1.jpg',  'https://dl.airtable.com/.attachments/90965577b2bf91730102cf9ce976149d/220b9fe0/Libertad-1.jpeg',  'https://dl.airtable.com/.attachments/6ba243f8d5a90a4568dc2ddfa425a486/529e97b8/Libertad-1_2.jpg']
AAUSAT2  (AAUSat-2,  AAUSAT-II);CubeSat;1U;Operational  (Last  SatNOGS  report  2019-05-23  checked  on  2019-05-24);2008-04-28;32788;XPOD  (eXperimental  Push  Out  Deployer)  [UTIAS/SFL];PSLV;Aalborg  University;University;Academic  /  Education;Denmark;Space  Flight  Laboratory  (UTIAS-SFL);Education  space  systems  engineering  with  focus  on  ADCS  and  gamma-ray  experiment.;['https://dl.airtable.com/8AuIgyoJRByEvIa7l1Xt_AAUSAT2.jpg']
Compass-1;CubeSat;1U;Was  operational  until  2012-04-14,  retired  (eoPortal).;2008-04-28;32787;XPOD  (eXperimental  Push  Out  Deployer)  [UTIAS/SFL];PSLV;Aachen  University  of  Applied  Sciences;University;Academic  /  Education;Germany;Space  Flight  Laboratory  (UTIAS-SFL);Demonstrate  CubeSat  platform  technologies  for  educational  purposes  and  GPS  receiver.  Camera  to  take  photos.;['https://dl.airtable.com/iv39rIVS16aKWOfVLWqh_COMPASS-1_PR-Bild.jpg',  'https://dl.airtable.com/CZZLA7LaSbCWUFMeInXi_compass1_fm.jpg']
SEEDS-2  (SEEDS-II,  Space  Engineering  EDucation  Satellite-2);CubeSat;1U;Operational  (Personal  contact  2018-08-07,  Last  SatNOGS  report  2019-05-24  checked  on  2019-05-24);2008-04-28;32791;XPOD  (eXperimental  Push  Out  Deployer)  [UTIAS/SFL];PSLV;Nihon  University;University;Academic  /  Education;Japan;Space  Flight  Laboratory  (UTIAS-SFL);Demonstrate  the  reception  of  spacecraft  parameter  data.;['https://dl.airtable.com/Mer50fu3SEKRcSTPwvEj_seeds_and_araki2.jpg']
CP6  (Polysat);CubeSat;1U;Reentry  2011-10-06.  Was  operational.;2009-05-19;35003;P-POD  (Poly-Picosatellite  Orbital  Deployer);Minotaur  I;California  Polytechnic  University;University;Academic  /  Education;US;Cal  Poly,  ?;Backup  to  CP3  with  focus  on  ADCS  and  deployment  of  spring  steel  tapes.;['https://dl.airtable.com/8b7dmoIYSiqm1pjsHbX3_CP6.png']
HawkSat  I;CubeSat;1U;Reentry  2011-09-04.  No  signal.;2009-05-19;35004;P-POD  (Poly-Picosatellite  Orbital  Deployer);Minotaur  I;Hawk  Institute  of  Space  Sciences;Company;Commercial;US;Cal  Poly,  ?;Demonstrate  CubeSat  platform  technologies  and  materials  experiment.;['https://dl.airtable.com/2IId4CXTASjj5wYe4hjQ_hawksat-1__1.jpg']
PharmaSat  1  (GeneSat-2);CubeSat;3U;Reentry  2012-08-14.  Was  operational  until  2009-XX-XX.  Beacon  was  turned  off  on  2009-06-15.  Lost  S-band  contact  before.;2009-05-19;35002;P-POD  (Poly-Picosatellite  Orbital  Deployer);Minotaur  I;NASA  Ames  Research  Center;Space  agency;Government  (Civil  /  Military);US;Cal  Poly,  ?;Controlled  environment  micro-laboratory  packed  with  sensors  and  optical  systems.;['https://dl.airtable.com/Hbqgwu4TTKbUnRacOqPA_PharmaSat-1.jpg']
ITUpSAT-1;CubeSat;1U;Operational?  (Last  SatNOGS  report  with  data  2019-02-08  checked  on  2019-05-24);2009-09-23;35935;PSL  /  PSL-P  (Picosatellite  Launcher)  [Astrofein];PSLV;Istanbul  Technical  University;University;Academic  /  Education;Turkey;ISILaunch;Educational  space  systems  engineering  and  CMOS  camera.;['https://dl.airtable.com/KspOhHkQ3X5M4UnYINeA_itupsat1-24a43f32-585f-42f1-aca5-d73ff73bf7b-resize-750.jpeg']
UWE-2;CubeSat;1U;Was  operational,  unknown  time.;2009-09-23;35934;PSL  /  PSL-P  (Picosatellite  Launcher)  [Astrofein];PSLV;University  of  Würzburg;University;Academic  /  Education;Germany;ISILaunch;Demonstrate  CubeSat  platform  technologies  with  focus  on  ADCS.  ;['https://dl.airtable.com/hRStUdJ6Tfeq5pWjCNvO_UWE-2.jpg']
Negai  (Negai-Star);CubeSat;1U;Reentry  2010-06-26.  Was  operational.;2010-05-20;36575;J-POD  (JAXA  Picosatellite  Deployer);H-IIA  (H2A);Soka  University;University;Academic  /  Education;Japan;JAXA;Commercial  FPGA  and  camera.;['https://dl.airtable.com/gyh7ok6gSHCQ6crZoch0_negaistar.jpg']
Waseda-SAT2;CubeSat;1U;Reentry  2010-07-12.  No  signal  (Skyrocket  and  lack  of  updates  to  website);2010-05-20;36574;J-POD  (JAXA  Picosatellite  Deployer);H-IIA  (H2A);Waseda  University;University;Academic  /  Education;Japan;JAXA;Demonstrate  CubeSat  platform  technologies  and  paddles  for  attitude  control.;['https://dl.airtable.com/.attachments/6d2df1a015f0b58635e50bd4d6804718/75558eae/wasedasat-2_4.jpg',  'https://dl.airtable.com/.attachments/ab83ddf1655411b8292018f63a7b270c/af7b51ce/wasedasat-2_3.jpg',  'https://dl.airtable.com/.attachments/d664368a9908ad389ce539b9a0f2dc71/8c2ded4e/wasedasat-2_1.jpg',  'https://dl.airtable.com/.attachments/ee70ce6fa7746810406155d4ee1487c3/0ec5be5c/wasedasat-2_2.jpg']
TISAT-1;CubeSat;1U;Semi-operational?  Fell  silent  2015-03-15,  but  came  back?  (SatNOGS  report  2018-12-16);2010-07-12;36799;XPOD  (eXperimental  Push  Out  Deployer)  [UTIAS/SFL];PSLV;University  of  Applied  Sciences  of  Southern  Switzerland  (SUPSI);University;Academic  /  Education;Switzerland;Space  Flight  Laboratory  (UTIAS-SFL);Materials  experiment  to  monitor  atomic  oxygen  effects.;['https://dl.airtable.com/FvGFpOAQ2SD9FBJaNMo7_tisat1_full.jpg']
Hermes  1;CubeSat;1U;Launch  failure;2011-03-04;Launch  failure;P-POD  (Poly-Picosatellite  Orbital  Deployer);Minotaur-C  (Taurus-XL);University  of  Colorado  in  Boulder;University;Academic  /  Education;US;Cal  Poly,  ?;Demonstrate  CubeSat  platform  technologies  and  high  data-rate  communication  system.;['https://dl.airtable.com/lkwvPsITqaVFoOazMTzw_Hermes.jpg',  'https://dl.airtable.com/.attachments/4e6829584367965d8a8e340bd7cd1c2d/21829d22/Hermes_KySat_E1P.jpg']
KySat-1;CubeSat;1U;Launch  failure;2011-03-04;Launch  failure;P-POD  (Poly-Picosatellite  Orbital  Deployer);Minotaur-C  (Taurus-XL);Kentucky  universities;University;Academic  /  Education;US;Cal  Poly,  ?;Educational  outreach  using  mobile  ground  stations  taken  to  schools.;['https://dl.airtable.com/HmHJ6j60QZLWFjwIaJ4p_KySat-1.jpg',  'https://dl.airtable.com/.attachments/02f6842555fed6889b1fbc53ddade00c/9a22e7fd/Hermes_KySat_E1P.jpg']
AubieSat-1  (OSCAR-71,  AO  71,  AubieSat-OSCAR  71);CubeSat;1U;Was  operational  until  2013-12-31?  (DK3WN  report);2011-10-28;37854;P-POD  (Poly-Picosatellite  Orbital  Deployer);Delta  II;Auburn  University;University;Academic  /  Education;US;Cal  Poly;Measure  average  density  of  ionospheric  electronics  using  Faraday  rotation  effect.;['https://dl.airtable.com/kLCQJw3TK2YRBvCQa4Q1_AubieSat.jpg']
e-st@r  (e-star-i);CubeSat;1U;Reentry  2015-01-16.  Was  operational  until  2012-12-XX,  communication  stopped.;2012-02-13;38079;P-POD  (Poly-Picosatellite  Orbital  Deployer);Vega;Polytechnic  University  of  Turin;University;Academic  /  Education;Italy;ESA  Education  Office,  Cal  Poly;Demonstrate  CubeSat  platform  technologies  for  educational  purposes  with  focus  on  ADCS.;['https://dl.airtable.com/.attachments/490e7b15edb45d08ae0e22a0e04512b5/1910982c/estarI_1.png']
Goliat;CubeSat;1U;Reentry  2014-12-31.  Was  semi-operational  until?  Intermittent  beacons,  but  no  two-way  communications.;2012-02-13;38080;P-POD  (Poly-Picosatellite  Orbital  Deployer);Vega;University  of  Bucharest;University;Academic  /  Education;Romania;ESA  Education  Office,  Cal  Poly;Educational  space  systems  engineering  and  camera.;['https://dl.airtable.com/.attachments/707d4b7ae9142bc2c90769ceb841a860/9f987bcf/goliat.png',  'https://dl.airtable.com/mF9AvLSqTqOCAbqNlyVA_Goliat.jpg']
UNICubeSat-GG  (Gravity  Gradient);CubeSat;1U;Reentry  2015-02-06.  Was  semi-operational  until  2012-02-20,  1-2  weeks.;2012-02-13;38085;P-POD  (Poly-Picosatellite  Orbital  Deployer);Vega;Sapienza  University  of  Rome;University;Academic  /  Education;Italy;ESA  Education  Office,  Cal  Poly;Demonstrate  passive  attitude  control  technique  based  on  gravity  gradient  stabilization  with  deployable  boom.;['https://dl.airtable.com/3D6CdhLkRPuL6OgEEQOy_UniCubeSat-GG_esa.jpg']
HORYU-2;Nanosatellite;7.1  kg;Semi-operational?  Was  operational  until  2014-07-XX?  (Last  SatNOGS  CW  beacons  2019-05-15,  but  data  seems  gibberish.  Last  DK3WN  report  2016-07-08.  Checked  on  2019-05-24);2012-05-17;38340;Custom;H-IIA  (H2A);Kyushu  Institute  of  Technology;University;Academic  /  Education;Japan;JAXA;Demonstration  of  solar  array  discharge  suppression  technologies  at  300V  and  taking  photos  of  Earth.  ;['https://dl.airtable.com/INE2clwySgKNxGsVrW9w_HORYU-2.jpg']
CubeBug-1  (Capitán  Beto);CubeSat;2U;Was  operational  until  2013-12-XX?  (Online  reports  end  there);2013-04-26;39153;ISIPOD  [ISISpace];Long  March  2D;Satellogic;Company;Commercial;Argentina;ISILaunch;Demonstrate  CubeSat  platform  technologies  including  reaction  wheels  and  star  tracker.;['https://dl.airtable.com/r8G7pFoTDG4zdrGnztZw_Cubebug1_tumblr_mn0u3ir7ys1rv4b8yo6_1280.png']
Black  Knight  1  (BK  1);CubeSat;1U;Reentry  2015-07-16.  No  signal;2013-11-20;39398;P-POD  (Poly-Picosatellite  Orbital  Deployer);Minotaur  I;West  Point  Military  Academy;University;Academic  /  Education;US;Tyvak,  ?;Educational  training  for  space  systems  engineering  and  camera  payload.;['https://dl.airtable.com/.attachments/ea4a7fbdd245846088d374fbb3d3c608/881e08ae/BlackKnight1_31103bk1.png',  'https://dl.airtable.com/E8nxXYKEQnCUGeNQ56YU_Black%20Knight%201.png']
Firefly;CubeSat;3U;Reentry  2017-11-01.  Was  operational.;2013-11-20;39404;P-POD  (Poly-Picosatellite  Orbital  Deployer);Minotaur  I;NASA  Goddard  Space  Flight  Center;Space  agency;Government  (Civil  /  Military);US;Tyvak,  ?;Investigate  Terrestrial  Gamma-ray  Flashes  (TGFs).;['https://dl.airtable.com/yjRwsEkUS9KuYt2LvNHG_firefly.jpeg']
Ho‘oponopono  2  (H2);CubeSat;3U;No  signal;2013-11-20;39403;P-POD  (Poly-Picosatellite  Orbital  Deployer);Minotaur  I;University  of  Hawaii  at  Manoa;University;Academic  /  Education;US;Tyvak,  ?;Radar  calibration  service.;['https://dl.airtable.com/NWOKzM3BROWORTZq5xkQ_Ho%E2%80%98oponopono%202%20(H2).png']
NPS-SCAT  (Naval  Postgraduate  School  Solar  Cell  Array  Tester);CubeSat;1U;Reentry  2015-10-28.  Was  operational  until  2013-11-25,  5  days.;2013-11-20;39389;P-POD  (Poly-Picosatellite  Orbital  Deployer);Minotaur  I;Naval  Postgraduate  School  (NPS)  ;University;Academic  /  Education;US;Tyvak,  ?;Experiment  to  measure  solar  cells  degradation.;['https://dl.airtable.com/SVegWZZQLiEz9gyPuIFA_NPS-SCAT.jpg']
SwampSat;CubeSat;1U;Reentry  2015-12-13.  No  signal.;2013-11-20;39402;P-POD  (Poly-Picosatellite  Orbital  Deployer);Minotaur  I;University  of  Florida;University;Academic  /  Education;US;Tyvak,  ?;Demonstrate  on  orbit  precision  three  axis  attitude  control  using  a  pyramidal  configuration  of  control  moment  gyroscopes. 
                                        ;['https://dl.airtable.com/YhmOqBEvR9q8GmQ0epVX_SwampSat.png',  'https://dl.airtable.com/7w9bEJsRZ607WvH0ccd9_SwampSat_2.jpg']
Trailblazer  (SPA-1  Trailblazer);CubeSat;1U;Reentry  2016-05-22.  No  signal.;2013-11-20;39400;P-POD  (Poly-Picosatellite  Orbital  Deployer);Minotaur  I;University  of  New  Mexico;University;Academic  /  Education;US;Tyvak,  ?;Proof-of-concept  flight  for  Space  Plug-and-play  Architecture.  ;['https://dl.airtable.com/2T777nQkTxy28xhLJCti_trailblazer-1__1.jpg']
CubeBug-2  (Manolito);CubeSat;2U;Operational  (Last  WR2TV  report  2019-05-23  checked  on  2019-05-24);2013-11-21;39440;ISIPOD  [ISISpace];Dnepr;Satellogic;Company;Commercial;Argentina;ISILaunch;Demonstrate  CubeSat  platform  technologies  including  reaction  wheels  and  star  tracker.;['https://dl.airtable.com/qZSvVYReRiGXSjP3GVDv_cubebug-2.jpg']
FUNcube-1  (AO-73);CubeSat;1U;Operational  (Last  DK3WN  report  2018-12-28);2013-11-21;39444;ISIPOD  [ISISpace];Dnepr;AMSAT-UK;Non-profit;Government  (Civil  /  Military);UK;ISILaunch;Educational  and  amateur  radio  mission  linear  transponder.;['https://dl.airtable.com/Wp3O25DsREmNdzpljaW3_funcube-1-flight-model-image-credit-wouter-weggelaar-pa3weg.jpg']
HiNCube;CubeSat;1U;No  signal;2013-11-21;39445;ISIPOD  [ISISpace];Dnepr;Narvik  University  College;University;Academic  /  Education;Norway;ISILaunch;Educational  training  and  demonstrate  CubeSat  platform  technologies  plus  camera.;['https://dl.airtable.com/L5DiaWJiQEirRykd93R9_zacube-1-funcube-1-and-hincube-in-the-pod.jpg']
HumSat-D;CubeSat;1U;Was  operational  until  2014-08-XX?  (Last  DK3WN  report  2014-08-05,  checked  2019-05-24).;2013-11-21;39433;PEPPOD,  GPOD  (GAUSS  Picosatellites  Orbital  Deployer)  [GAUSS];Dnepr;University  of  Vigo;University;Academic  /  Education;Spain;GAUSS;Educational  training  and  demonstrate  IoT  solution.;['https://dl.airtable.com/.attachments/76ef8306fcfdb84bbfc7a2af675e741a/5ec3be15/PUCP-SAT_ICUBE_HUMSAT.jpg',  'https://dl.airtable.com/mlMqdQl0QUGnfqbQy52g_HumSat-D.png']
ICUBE  1;CubeSat;1U;Was  operational  until  2014-01-08?;2013-11-21;39432;PEPPOD,  GPOD  (GAUSS  Picosatellites  Orbital  Deployer)  [GAUSS];Dnepr;Islamabad  Institute  of  Science  and  Technology;Institute;Government  (Civil  /  Military);Pakistan;GAUSS;Educational  space  systems  engineering  and  imaging  payload.;['https://dl.airtable.com/.attachments/db796400c7623a7dac660c97bd2dd78d/73295480/PUCP-SAT_ICUBE_HUMSAT.jpg',  'https://dl.airtable.com/nXSadpHBTk6NPwbLNYfO_icube-1__1.jpg']
OPTOS  (Optical  Nanosatellite);CubeSat;3U;Was  operational?  (Confirmed  operational  in  eoPortal,  but  no  recent  public  news  found);2013-11-21;39420;ISIPOD  [ISISpace];Dnepr;National  Institute  of  Aerospace  Technology;Space  agency;Government  (Civil  /  Military);Spain;ISILaunch;Demonstrate  CubeSat  platform  technologies.;['https://dl.airtable.com/ULYsZaQfRTKrmMyhbRUh_OPTOS_AutoF.jpg']
UWE-3;CubeSat;1U;Operational  (Last  W2RTV  report  2019-05-24  checked  on  2019-05-24);2013-11-21;39446;ISIPOD  [ISISpace];Dnepr;University  of  Würzburg;University;Academic  /  Education;Germany;ISILaunch;Demonstrate  modular  CubeSat  platform  technologies  and  real-time  attitude  control.;['https://dl.airtable.com/kKsi2TdRJyMoREAUzZxn_UWE-3_IMG_5573-1100x440.jpg']
VELOX-P2  (VELOX-PII,  VELOX-P);CubeSat;1U;Was  operational?  (No  recent  news  found);2013-11-21;39438;ISIPOD  [ISISpace];Dnepr;Nanyang  Technological  University;University;Academic  /  Education;Singapore;ISILaunch;Educational  training  and  demonstrate  CubeSat  platform  technologies.;['https://dl.airtable.com/T6vowhKwQqi8PutLe2Yr_VELOX-P2.png']
M-Cubed  2  (MCUBED-2);CubeSat;1U;Operational  (Last  W2RTV  report  2019-04-20  checked  on  2019-05-24);2013-12-06;39469;P-POD  (Poly-Picosatellite  Orbital  Deployer);Atlas  V;University  of  Michigan;University;Academic  /  Education;US;Tyvak,  ?;Flight  evaluation  of  a  NASA  JPL  image  processing  FPGA  called  COVE.;['https://dl.airtable.com/qUPX2dfqSPacnoEOyN3h_M-Cubed2_IMG_72521.jpg']
TacSat-6;CubeSat;3U;Operational?  (No  public  news  found);2013-12-06;39473;P-POD  (Poly-Picosatellite  Orbital  Deployer);Atlas  V;Space  &  Missile  Defense  Command;Military;Government  (Civil  /  Military);US;Tyvak,  ?;The  mission  will  demonstrate  nanosatellite  communication  capabilities. 
                                        ;['https://dl.airtable.com/Y97EJvigQieOhweqNm0B_SMDC.jpg']
ARTSAT1:  Invader  (INteractiVe  satellite  for  Art  and  Design  Experimental  Research);CubeSat;1U;Reentry  2014-09-02.  Was  operational.;2014-02-27;39577;J-POD  (JAXA  Picosatellite  Deployer);H-IIA  (H2A);Tama  Art  University;University;Academic  /  Education;Japan;JAXA;Artistic  use  of  satellite  telemetry.;['https://dl.airtable.com/382ZWi8RDmhQR5190Vkt_invader__1.jpg']
SPROUT;Nanosatellite;6.7  kg;Semi-operational?  Was  operational  until  2016-09-XX?  (Last  DK3WN  report  2016-08-27.  Occasional  reports  from  SatNOGS  checked  on  2019-05-25);2014-05-24;39770;Custom;H-IIA  (H2A);Nihon  University;University;Academic  /  Education;Japan;JAXA,  ?;Demonstration  of  inflatable  membrane  structure.;['https://dl.airtable.com/s9Ir8aoCTkGtDPphlwxX_sprout.jpg']
Duchifat-1;CubeSat;1U;Operational  (Last  JA0CAW  report  2019-03-14.  Last  SatNOGS  report  2019-05-24.);2014-06-19;40021;QuadPack  (XL)  [ISISpace];Dnepr;Herzliya  Science  Centre;School;Academic  /  Education;Israel;ISILaunch;Transmit  real-time  information  via  radio  amateur  packets  APRS  protocol  to  receive  with  handheld  radios.;['https://dl.airtable.com/Ggfp70sWQZ2jiQDgZWl5_Duchifat-1-e1434703251249.jpg']
PACE  (Platform  for  Attitude  Control  Experiments);CubeSat;2U;No  signal;2014-06-19;40022;QuadPack  (XL)  [ISISpace];Dnepr;National  Cheng  Kung  University;University;Academic  /  Education;Taiwan;ISILaunch;Conduct  attitude  control  experiment  to  validate  technologies.;['https://dl.airtable.com/yfSwgTnySpGI4fXaELog_pace__1.jpg']
PolyITAN-1;CubeSat;1U;Operational  (Last  SatNOGS  report  2018-12-22  with  proper  data.  Last  DK3WN  report  2019-03-12.  Checked  on  2019-05-25);2014-06-19;40042;QuadPack  (XL)  [ISISpace];Dnepr;National  Technical  University  of  Ukraine;University;Academic  /  Education;Ukraine;ISILaunch;Educational  training  and  demonstrate  CubeSat  platform.;['https://dl.airtable.com/oNTpVsjSQWQsk7CqIqQQ_polyitan-1.jpg']
RACE  (CHARM,  Radiometer  Atmospheric  CubeSat  Experiment,  CubeSat  Hydrometric  Atmospheric  Radiometer  Mission);CubeSat;3U;Launch  failure;2014-10-28;Launch  failure;NRCSD  (NanoRacks  CubeSat  Deployer)  [Quad-M];Antares;The  University  of  Texas  at  Austin;University;Academic  /  Education;US;NanoRacks;Spaceborne  validation  of  a  183  GHz  radiometer.;['https://dl.airtable.com/.attachments/156e07f9fbb68ffb054594c2447a7088/1954520b/RACE_7.jpg',  'https://dl.airtable.com/.attachments/bd79bff38937e17ff82d0aa8b821381c/84dc3d1e/RACE_24.jpg',  'https://dl.airtable.com/.attachments/d2f07e79a3ac5481e9af2561ef5bafb0/51f89049/RACE_25.jpg',  'https://dl.airtable.com/.attachments/24eb7195adb76afd41a09afce83d0057/40d589a5/RACE_26.jpg',  'https://dl.airtable.com/.attachments/13e0dcb193ceb11e5c75f8898032a131/b894e365/RACE_28.jpg',  'https://dl.airtable.com/.attachments/a3e2cfc4cc9d7e9db7e3d0415443f2ce/95e5ac23/RACE_4.jpg',  'https://dl.airtable.com/.attachments/28047463c8291f772dece9e396a070b5/7eec3f41/RACE_6.jpg',  'https://dl.airtable.com/.attachments/e0f39691e912801c6f75ed68762cc8d7/b0c3b42b/RACE_5.jpg',  'https://dl.airtable.com/.attachments/1ed103dea5bfd00b890dcd151539a750/626496f2/RACE_27.jpg',  'https://dl.airtable.com/.attachments/5b2c0578970bb73ccba54b69a6459f61/fb0b00b0/RACE_23.jpg',  'https://dl.airtable.com/.attachments/ab1460420a3319b38305417f299e32d5/de21663c/RACE_22.jpg',  'https://dl.airtable.com/.attachments/1d64d68b11578ff81cde12c6fcecf558/ff4cc0cd/RACE_17.jpg',  'https://dl.airtable.com/.attachments/7cab5116e65a6f875751d397bd434240/94fade6f/RACE_21.jpg',  'https://dl.airtable.com/.attachments/e281a2fbc2db8124e3cfe1ca1a3d09f0/b4a33567/RACE_18.jpg',  'https://dl.airtable.com/.attachments/6f96e2122a697b52b651df780e78ddfd/2846a3bc/RACE_13.jpg',  'https://dl.airtable.com/.attachments/0703ff461be30d8ee7044c9800f80691/24ba1bb2/RACE_15.jpg',  'https://dl.airtable.com/.attachments/160484b94534f0b3c166aa50f79ef5a6/d582da70/RACE_16.jpg',  'https://dl.airtable.com/.attachments/e06e4552fd690045349c604de811504d/2b87dca6/RACE_20.jpg',  'https://dl.airtable.com/.attachments/d051d71be38697e1e85c2c77e295e4a1/869d1f25/RACE_14.jpg',  'https://dl.airtable.com/.attachments/e4e046b6fc0766f4dfc2bd3e6087fd08/713a785e/RACE_12.jpg',  'https://dl.airtable.com/.attachments/c728d503d82a74bb9b98ba823448505b/ecdd4559/RACE_19.jpg',  'https://dl.airtable.com/.attachments/88d3c881500591d4073fae22c583902c/3be43f58/RACE_1.jpg',  'https://dl.airtable.com/.attachments/2173971ee0d9d8c203c7c2d2e30ca71b/b4da1041/RACE_3.jpg',  'https://dl.airtable.com/.attachments/3af4d0129a9bb8c5953112b5f346baf8/6a0c9773/RACE_11.jpg',  'https://dl.airtable.com/.attachments/c2cfa0c947d5391e2943435c0e986f5f/fb417a38/RACE_9.jpg',  'https://dl.airtable.com/.attachments/54317ba8217fd5d5a0a84c727215a675/4de7b728/RACE_10.jpg',  'https://dl.airtable.com/.attachments/bd94a9209c5e00df71ff5b8bf77af73e/3d98823b/RACE_2.jpg',  'https://dl.airtable.com/.attachments/a6c59269265006ab78aa4d7bb16d828a/68d5de62/RACE_8.jpg',  'https://dl.airtable.com/.attachments/f633bceb20ef20cc7e1eb0858bec1154/86f7e804/RACE.jpg']
GRIFEX  (GEO-CAPE  ROIC  In-Flight  Performance  Experiment);CubeSat;3U;Operational  (Last  PA5OXW  report  2019-05-20  checked  on  2019-05-25);2015-01-31;40379;P-POD  (Poly-Picosatellite  Orbital  Deployer);Delta  II;University  of  Michigan;University;Academic  /  Education;US;Tyvak,  ?;Validate  technology  for  the  Panchromatic  Fourier  Transform  Spectrometer  (PanFTS).;['https://dl.airtable.com/GMk7FwxUS7uj8oI2jqqo_GRIFEX.jpg']
PSat  A  (PSat,  ParkinsonSat  A,  UltraSat1?,  NO-84);CubeSat;1.5U;Operational  (Last  KE8AKW  report  2019-05-15  checked  on  2019-05-25);2015-05-20;40654;P-POD  (Poly-Picosatellite  Orbital  Deployer);Atlas  V;US  Naval  Academy  Satellite  Lab;University;Academic  /  Education;US;Tyvak,  ?;Communications  transponder  for  IoT  demonstration.;['https://dl.airtable.com/s8zRGyMqQ5eidsBM0cWs_PSAT-photo-Y-408xr.jpg']
USS  Langley  (Unix  Space  Server);CubeSat;3U;No  signal  (Unable  to  find  successful  reports  after  statement  that  it  has  not  been  heard  from);2015-05-20;40652;P-POD  (Poly-Picosatellite  Orbital  Deployer);Atlas  V;US  Naval  Academy  Satellite  Lab;University;Academic  /  Education;US;Tyvak,  ?;Unix  server  in  space  and  transponder  experiments.;['https://dl.airtable.com/GfhsHFvMS6SMz9qv1CYh_Langley_USNA.jpg']
BisonSat  (Nwist  Q̓ʷiq̓ʷáy,  SKC);CubeSat;1U;Semi-operational,  no  commanding  possible.  (Last  DK3WN  report  2018-10-20).;2015-10-08;40968;P-POD  (Poly-Picosatellite  Orbital  Deployer);Atlas  V;Salish  Kootenai  College;University;Academic  /  Education;US;Tyvak,  ?;Educational  training  and  camera  to  study  various  hydrologic  processes.;['https://dl.airtable.com/tU3L31vRTEIPubfPtrun_bisonsat-cubesat-with-antenna-deployed.jpg']
Fox-1A  (AMSAT-OSCAR  85,  AO-85);CubeSat;1U;Operational  (Was  declared  end-of-mission  in  February  2020  and  was  silent  for  months,  but  latest  SatNOGS  report  with  data  2020-04-03);2015-10-08;40967;P-POD  (Poly-Picosatellite  Orbital  Deployer);Atlas  V;The  Radio  Amateur  Satellite  Corporation  (AMSAT);Non-profit;Government  (Civil  /  Military);US;Tyvak,  ?;Amateur  radio  mission  with  transponder.;['https://dl.airtable.com/oa91qrjR3eOuTsRtp8FA_Fox-1A.jpg']
LMRSTSat  (LMRSat  ,  LMRST-Sat,  Low  Mass  Radio  Science  Transponder  -  Satellite);CubeSat;2U;No  signal;2015-10-08;40971;P-POD  (Poly-Picosatellite  Orbital  Deployer);Atlas  V;Stanford  University;University;Academic  /  Education;US;Tyvak,  ?;Far-field  source  for  calibration  of  the  Deep  Space  Network  in  X-band.;['https://dl.airtable.com/O8zHzx4RhKoKoITbjuzX_LMRSTSat_27933251713_9ee1e9412d_o.jpg']
PrintSat;CubeSat;1U;Launch  failure;2015-11-04;Launch  failure;NLAS  (Nanosatellite  Launch  Adapter  System)  [NASA];Super  Strypi  (SPARK);Montana  State  University;University;Academic  /  Education;US;ORS  Office  (US  DoD);Demonstrate  inter-satellite  communications.;['https://dl.airtable.com/j4YR3zcoRtuFWS2p7KXm_Printsat_real.png',  'https://dl.airtable.com/aU64qugvQqAI9cMNq8ig_PrintSat.jpg']
SNAPS  (Stanford  Nano  Picture  Satellite);CubeSat;0.25U;On  ISS?  Was  it  even  launched  or  deployed?  Probably  not.  (No  public  news  found);2015-12-06;On  ISS?  Was  it  launched  or  deployed?;-;Atlas  V;Stanford  University;University;Academic  /  Education;US;NanoRacks;Image  other  CubeSats  autonomously  and  demonstrate  CubeSat  platform  technologies.;['https://dl.airtable.com/1hPgPmHTAOi327eG6Ocl_snaps__1.jpg']
Galassia;CubeSat;2U;Operational  (Smallsat  2018);2015-12-16;41170;ISIPOD  [ISISpace];PSLV;National  University  of  Singapore;University;Academic  /  Education;Singapore;ISILaunch,  ?;Educational  traiming  and  measure  total  electron  count  and  photon-entangling  payload.;['https://dl.airtable.com/7LMiPfADSkmWXWuCdqxh_Galassia.jpg']
HORYU-4  (AEGIS);Nanosatellite;10  kg;Operational?  (Last  SatNOGS  report  2019-05-25,  but  data  is  suspicious.  Checked  2019-05-25);2016-02-17;41340;Custom;H-IIA  (H2A);Kyushu  Institute  of  Technology;University;Academic  /  Education;Japan;JAXA,  ?;Test  experimental  high-voltage  solar  array  and  observing  corresponding  spacecraft  charging  effects  on  the  satellite.;['https://dl.airtable.com/1umqsn9WTRK7JPMyJy4S_horyu-4_real.jpg']
e-st@r-II  (e-star-ii);CubeSat;1U;Operational?  (Last  report  from  @supertrack_it  2019-04-25  shows  good  telemetry.  Last  DK3WN  report  2016-09-04.  SatNOGS  has  reports,  but  no  telemetry.);2016-04-25;41459;ISIPOD  [ISISpace];Sojuz;Polytechnic  University  of  Turin;University;Academic  /  Education;Italy;ISILaunch,  ?;Educational  training  and  demonstrate  ADCS  technologies.;['https://dl.airtable.com/.attachments/60ff1276ed1a3d5032dfcf5c89cdbfb7/aad14b0d/estarII_2.jpg',  'https://dl.airtable.com/RHilK8FrQDvWtOdXzUdL_estarII_3.jpg']
OUFTI-1;CubeSat;1U;Semi-operational?  Was  operational  until  2016-05-07,  12  days.  Stopped  transmitting  and  cloud  no  longer  continue.  (Last  SatNOGS  report  2019-05-03  with  data,  but  corrupt  and  only  empty  beacon?);2016-04-25;41458;ISIPOD  [ISISpace];Sojuz;University  of  Liège;University;Academic  /  Education;Belgium;ISILaunch,  ?;Test  the  use  of  the  D-STAR  communication  protocol  in  space. 
                                        ;['https://dl.airtable.com/cahWK8TRRNOUPEyYYQOh_OUFTI-1_mg_0316.jpg']
3CAT-2  (3CAT2);CubeSat;6U;Was  operational?  (Inactive  accordign  to  website.  Last  SatNOGS  report  2019-05-23,  but  never  any  data.  Checked  2019-05-25);2016-08-15;41732;ISIPOD  [ISISpace];Long  March  2D;Universitat  Politècnica  de  Catalunya;University;Academic  /  Education;Spain;ISILaunch;Perform  ocean  altimetry  by  means  of  Global  Navigation  Satellite  Systems  Reflectometry  (GNSS-R).  ;['https://dl.airtable.com/.attachments/12f4f28562a04e55246fe55f30917c3e/1bb480d2/3CAT2_1.jpg',  'https://dl.airtable.com/E4mvuc6uSrKQuBJhdCCO_3CAT2.jpeg']
CAS  2T  (Chinese  Amateur  Radio  Satellite  2T,  Fengtai-1,  CAS-2T);CubeSat;2U;Semi-operational.  Attached  to  the  upper  stage  on  purpose.  Lots  of  CW  telemetry  not  correct.;2016-11-09;41847;Unknown;Long  March  11;CAMSAT  (Chinese  Amateur  Satellite  Group);Non-profit;Government  (Civil  /  Military);China;Unknown;FM  transponder. 
                                        ;['https://dl.airtable.com/uhI53dCRTkyuAetLA3kn_cas2t_flight.jpg']
Lishui-1  (Lishui  1-01);CubeSat;3U;Operational?  (No  public  news  found);2016-11-09;41845;Unknown;Long  March  11;Zhejiang  Lizhui  Electronic  Technology  Co;Company;Commercial;China;Unknown;\- 
                                        ;[]
CELTEE  1;CubeSat;1U;Operational?  (No  public  news  found);2016-11-11;41850;P-POD  (Poly-Picosatellite  Orbital  Deployer);Atlas  V;Air  Force  Research  Laboratory  (AFRL);Military;Government  (Civil  /  Military);US;Tyvak;Evaluate  the  performance  of  M42  Techs  Enhanced  Location  Transponder  (ELT).  ;['https://dl.airtable.com/TBq4VahsRyaQGaKcjHC4_celtee-1__1.jpg']
XY  S1  (Xingyun  Shiyan  1,  Dong  Fang  Hong  166);CubeSat;2U;Operational?  (No  public  news  found);2017-01-09;41913;Unknown;Kuaizhou-1A;Northwestern  Polytechnical  University;University;Academic  /  Education;China;Unknown;Test  L-band  narrow-band  communications.  Demonstration  for  Xingyun  /  Hongyun  constellation. 
                                        ;['https://dl.airtable.com/Li730oc2QHuczHkCboxh_xy-s1__1.jpg']
Al-Farabi  1;CubeSat;2U;No  signal  (No  public  news  found);2017-02-15;42016;QuadPack  (XL)  [ISISpace];PSLV;Al-Farabi  Kazak  National  University;University;Academic  /  Education;Kazakhstan;ISILaunch;Demonstrate  CubeSat  platform  technologies  and  take  photos  of  Earth.;['https://dl.airtable.com/rpBW6OSySjCtMqsJd4Zb_Al-Farabi1.jpg',  'https://dl.airtable.com/.attachments/a4431bebee52094265cb8c59857c1afe/dd5c9f67/Al-Farabi1_2.jpg']
BGUSat  (NEGEVSAT);CubeSat;3U;Was  operational  until?  (First  photo  published  on  2017-05-08,  but  lack  of  regular  updates);2017-02-15;41999;QuadPack  (XL)  [ISISpace];PSLV;Ben  Gurion  University  Satellite;University;Academic  /  Education;Israel;Spaceflight;First  educational  satellite.  VGA  Camera,  ADCS. 
                                        ;['https://dl.airtable.com/B9d1tuUIQGygKdAojNfy_BGUSAT.jpg']
SUSat  (AU01);CubeSat;2U;Reentry  2019-03-21.  No  signal  (Official  website,  but  is  now  down.  Unable  to  find  contact  reports  also);2017-04-18;42730;NRCSD  (NanoRacks  CubeSat  Deployer)  [Quad-M];Atlas  V  (QB50);University  of  Adelaide;University;Academic  /  Education;Australia;NanoRacks;Part  of  QB50  to  study  lower  termosphere.;['https://dl.airtable.com/xPcFRVvRRu2tCwmueSQW_SUSat.jpg']
NUDTSat  (BE06,  CN06);CubeSat;2U;Operational  (Last  SatNOGS  report  with  data  2019-05-03  checked  on  2019-05-27);2017-06-23;42787;QuadPack  (XL)  [ISISpace];PSLV  (QB50);National  University  of  Defense  Technology;University;Academic  /  Education;China;ISILaunch;Part  of  QB50  to  study  lower  termosphere.;['https://dl.airtable.com/.attachments/1a4eab1028110d29e2c87a0e70a13c45/6e9a2a6c/NUDTSat.jpg']
ROBUSTA-1B;CubeSat;1U;Operational  (Last  SatNOGS  report  with  data  2019-05-25  checked  on  2019-05-25);2017-06-23;42792;QuadPack  (XL)  [ISISpace];PSLV;University  of  Montpellier  II;University;Academic  /  Education;France;ISILaunch;Measure  the  radiation  induced  degradation  of  electronic  devices. 
                                        ;['https://dl.airtable.com/vc9NABm1Tw2798xZZfwH_Robusta_prior_to_integration.jpg']
SUCHAI;CubeSat;1U;Was  operational  until  2018-09-23,  457  days.  (Public  news);2017-06-23;42788;QuadPack  (XL)  [ISISpace];PSLV;University  of  Chile;University;Academic  /  Education;Chile;ISILaunch;Educational  training  and  optical  camera  to  take  photos  of  the  Earth.;['https://dl.airtable.com/UUVcauLoQGa5LOw4enNj_suchai_satellite_2.jpg']
UCLSat  (GB03);CubeSat;2U;Was  operational  until  2017-09-XX?  (Last  DK3WN  report  2017-08-13.  Last  SatNOGS  report  with  data  20017-09-25.  There  are  later  reports,  but  unconfirmed.  Skyrocket  writes  that  it  apparently  did  not  work  so  it  could  have  been  semi-operational.  Checked  2019-05-27);2017-06-23;42765;QuadPack  (XL)  [ISISpace];PSLV  (QB50);University  College  London;University;Academic  /  Education;UK;ISILaunch;Part  of  QB50  to  study  lower  termosphere.;['https://dl.airtable.com/kQmQyhZrS1CHqHN2sIyU_UCLSat_400x300-for-web.jpg',  'https://dl.airtable.com/OBZuKk4lTNmA1s9TMgdg_UCLSat_24967050737_e04f63ecf6_o.jpg']
VZLUSAT-1  (CZ02);CubeSat;2U;Operational  (Official  news  on  2020-06-30);2017-06-23;42790;QuadPack  (XL)  [ISISpace];PSLV  (QB50);Aerospace  Research  and  Test  Establishment;Institute;Government  (Civil  /  Military);Czech;ISILaunch;Part  of  QB50  to  study  lower  termosphere.;['https://dl.airtable.com/CPz4WGNRzqwnvKoKaTNi_VZLUSAT-1.jpg',  'https://dl.airtable.com/DP9odeZOTtuDB6msSBfa_VZLUSAT-1druzice-png-1.png']
RadFxSat  (Fox-1B);CubeSat;1U;Operational  (Last  SatNOGS  report  2019-05-26  with  data  checked  on  2019-05-26  and  Smallsat  2019);2017-11-14;43017;P-POD  (Poly-Picosatellite  Orbital  Deployer);Delta  II;Vanderbilt  University  and  The  Radio  Amateur  Satellite  Corporation.;University;Academic  /  Education;US;Tyvak,  ?;Demonstrate  an  on-orbit  platform  for  radiation  qualification  of  components  for  space  flight.;['https://dl.airtable.com/jdIvFIIRhmtpQ5TauUkw_RadFxSat.jpg']
EagleSat  1;CubeSat;1U;No  signal  (Official  news  on  2018-05-14  and  tweets  about  lack  of  signals.  Reports  in  SatNOGS,  but  unlikely  to  be  correct  satellite.  Checked  on  2019-05-26);2017-11-18;43018;P-POD  (Poly-Picosatellite  Orbital  Deployer);Delta  II;Embry-Riddle  Aeronautical  University,  Prescott;University;Academic  /  Education;US;Tyvak,  ?;Test  new  memory  types  in  space  and  detect  Space  Fence.;['https://dl.airtable.com/jGBjXiymRDeY8ROEvLE4_eaglesat__1.jpg']
DemoSat  2;CubeSat;3U;Operational  (Public  news  on  2018-03-01);2018-01-12;43127;QuadPack  (XL)  [ISISpace];PSLV;Astranis;Company;Commercial;US;ISILaunch;Test  a  UHF  radio  payload  for  the  planned  microsatellite  geostationary  communication  satellites. 
                                        ;['https://dl.airtable.com/5OVUrqTrTg2Vnhu9dJ5u_DemoSat-2.png',  'https://dl.airtable.com/.attachments/1de2294b6d3444ecbe9a14b0c6db6a86/4faa2aa0/DemoSat-2.jpg']
KAUSAT-5;CubeSat;3U;No  signal  (No  reported  contacts  found  and  no  updates  on  official  social  media);2018-01-12;43135;QuadPack  (XL)  [ISISpace];PSLV;Korea  Aerospace  University;University;Academic  /  Education;South  Korea;ISILaunch;Map  Earth's  surface  in  infrared  and  demonstrate  CubeSat  platform  technologies.;['https://dl.airtable.com/FXyQujrlSpe2j1dhoPtn_KAUSAT-5.png',  'https://dl.airtable.com/.attachments/f16ae4af495834fe1b5ae992260ae101/91fe6965/KAUSAT-5_6.jpg',  'https://dl.airtable.com/.attachments/295ddf9cac9f2bfe36c827b809fcd60b/97d54b6a/KAUSAT-5_3.jpg',  'https://dl.airtable.com/.attachments/e700ec76f2c6632da6da7f86fd9c6c68/c62c31a8/KAUSAT-5_5.jpg',  'https://dl.airtable.com/.attachments/e1ebccd6ed4004d2f691397bf32339d7/75b894e3/KAUSAT-5_4.jpg',  'https://dl.airtable.com/.attachments/441ffa22b0c9ce64b906d02e56007189/cb9f9fb3/KAUSAT-5_7.jpg',  'https://dl.airtable.com/.attachments/283d288f8aace935ae2fd21872c64fa7/275b8373/KAUSAT-5_2.jpg']
PicSat;CubeSat;3U;Was  operational  until  2018-03-20  (Official  manuscript  from  2019-01-09);2018-01-12;43132;QuadPack  (XL)  [ISISpace];PSLV;Paris  Observatory;Institute;Government  (Civil  /  Military);France;ISILaunch;Observe  the  transit  of  the  planet  Beta  Pictoris.;['https://dl.airtable.com/.attachments/d6dd1566a8f9d683a23a25f03498f532/b9185d93/PicSat_3.jpg',  'https://dl.airtable.com/.attachments/33d7904631120557f58fb537db11e02c/4e9dbbfa/PicSat_2.jpg',  'https://dl.airtable.com/.attachments/6276eef3a7a79ed75e031dcf99c02e0b/f224bd7f/PicSat_4.jpg',  'https://dl.airtable.com/.attachments/6c0642f60709c07e711221bbb3c65da9/caa62536/PicSat_5.jpg',  'https://dl.airtable.com/963rtZg8QtWT2VqE96Ae_PicSat_37989212004_21a5753252_o.jpg']
SIGMA  (KHUSAT-3);CubeSat;3U;Was  semi-operational  until?  (Personal  contact);2018-01-12;43134;QuadPack  (XL)  [ISISpace];PSLV;Kyung  Hee  University;University;Academic  /  Education;South  Korea;ISILaunch;Measure  the  Linear  Energy  Transfer  (LET)  spectrum.;['https://dl.airtable.com/FUBOBPiSQyHEuL9kHMBg_FM_KHUSAT-03.png']
Luojia  1-01  (LJ  1-01);CubeSat;6U;Operational?  (Public  news  2018-07-10  and  publication  2019-1029.  Checked  on  2019-05-26);2018-06-02;43485;Unknown;Long  March  11;Wuhan  University;University;Academic  /  Education;China;Unknown;Night-light  Earth  observation  with  100  m  resolution  and  prototype  for  future  constellation.;[]
  CubeBel-1  (BSUSat-1,  CubeBel1);CubeSat;2U;Operational  (Last  DK3WN  report  2018-12-15);2018-10-29;43666  ;Unknown;Long  March;Belarus  State  University;University;Academic  /  Education;Belarus;Unknown;Educational  training  and  demonstration  of  attitude  control  plus  camera  and  radiation  spectrometer.;['https://dl.airtable.com/mp95NTfFS0yLB2sI04ZQ_BSUSat_1.png']
3CAT-1  (CubeCat-1);CubeSat;1U;Operational?  (Last  SatNOGS  report  2018-12-05);2018-11-29;43728;QuadPack  (XL)  [ISISpace];PSLV  (C43);Polytechnic  University  of  Catalonia  (UPC,  BarcelonaTECH);University;Academic  /  Education;Spain;ISILaunch;Find  out  how  plasma  conditions  at  space  affect  wireless  energy  transmission.;['https://dl.airtable.com/y618jF7SKmcXVUHXG06T_3cat1_sala_blanca.jpg']
InnoSat-2  (Innovative  Satellite  2);CubeSat;3U;Operational  (Last  W2RTV  report  2019-05-23);2018-11-29;43738;QuadPack  (XL)  [ISISpace];PSLV  (C43);Astronautic  Technology  (M)  Sdn.  Bhd.;Company;Commercial;Malaysia;ISILaunch;Dosimeter,  a  CMOS  camera  and  an  experimental  reaction  wheel. 
                                        ;['https://dl.airtable.com/vx2zBQQ9RiyEm8fwz3N1_innosat__1.jpg']
Al-Farabi-2  (Al–Farabi  2);CubeSat;3U;Operational  (Last  SatNOGS  report  2019-05-25  with  what  looks  to  be  a  decent  packet,  checked  on  2019-05-26);2018-12-03;43805;PSL  /  PSL-P  (Picosatellite  Launcher)  [Astrofein],?;Falcon  9  (Spaceflight  SSO-A,  SHERPA);Al-Farabi  Kazak  National  University;University;Academic  /  Education;Kazakhstan;ISILaunch;\- 
                                        ;['https://dl.airtable.com/YweYd6Q9T0GWBXouAgLB_JY1SAT.png']
ExseedSat-1  (Exseed  Sat-1,  Vusat-OSCAR-96  );CubeSat;3U;Operational?  (Social  media  news  from  2018-12-04  and  last  SatNOGS  report  from  2019-05-22,  but  no  telemetry  and  ID  has  not  been  determined  for  some  reason!?  Checked  on  2019-05-26);2018-12-03;43775?;QuadPack  (XL)  [ISISpace],?;Falcon  9  (Spaceflight  SSO-A,  SHERPA);Exseed  Space;Company;Commercial;India;Spaceflight;Demonstrate  CubeSat  platform  and  amateur  radio  communications.;['https://dl.airtable.com/F4sorZMLSaDSjsnu4B3w_ExseedSat_2.jpg',  'https://dl.airtable.com/K6VzAqbRk66WfdwyBhGn_ExseedSat-1.jpeg',  'https://dl.airtable.com/pX7i5lnRoKJhTv1TZLoD_ExseedSat.jpg']
JY1-SAT  (JY1SAT);CubeSat;1U;Operational  (Last  JA6PL  report  2019-05-25  checked  on  2019-05-26);2018-12-03;43803;QuadPack  (XL)  [ISISpace];Falcon  9  (Spaceflight  SSO-A,  SHERPA);Crown  Prince  Foundation;University;Academic  /  Education;Jordan;ISILaunch;SSTV  transmitter  for  radio  amateurs  and  educational  training.;['https://dl.airtable.com/1zUIlgqDSbCK3w48IqTj_jy1-sat-cubesat.jpg']
KazSciSat-1;CubeSat;3U;No  signal?  (Unable  to  find  contact  reports);2018-12-03;43787;QuadPack  (XL)  [ISISpace],?;Falcon  9  (Spaceflight  SSO-A,  SHERPA);Ghalam  LLP;Company;Commercial;Kazakhstan;Spaceflight;\- 
                                        ;['https://dl.airtable.com/7KaEf30ARbCvpxURPBX3_kazscisat-1__1.jpg']
KNACKSAT  (KMUTNB  Academic  Challenge  of  Knowledge  SATellite);CubeSat;1U;Was  semi-operational  until  2018-12-07.  (Maybe  weak  packet  visually  seen  on  2019-02-22.  Official  Twitter.  Checked  on  2019-05-26);2018-12-03;43806?;QuadPack  (XL)  [ISISpace],?;Falcon  9  (Spaceflight  SSO-A,  SHERPA);King  Mongkut  University  of  Technology;University;Academic  /  Education;Thailand;Spaceflight;Demonstrate  CubeSat  platform  technologies  plus  camera  to  take  photos  of  Earth.;['https://dl.airtable.com/tpIkWL9vQJSwdCTl11bT_KnackSat1.png']
Orbital  Reflector  (ORS-1);CubeSat;3U;Was  operational  until  2019-01-23  (Official  press  release  says  it  fell  silent  during  government  shutdown  while  waiting  for  permission  to  deploy  balloon);2018-12-03;43771?;QuadPack  (XL)  [ISISpace],?;Falcon  9  (Spaceflight  SSO-A,  SHERPA);Nevada  Museum  of  Art;Non-profit;Government  (Civil  /  Military);US;Spaceflight;Deploy  large  reflective  sculpture. 
                                        ;['https://dl.airtable.com/6xNnLnvWRDWM8BoURfMO_Orbital-Reflector.png',  'https://dl.airtable.com/.attachments/fd27bb89d1b134aecfe0b165f3d5d855/ad6f020b/Orbital-Reflector.jpg']
Snuglite  (SNULITE);CubeSat;2U;Operational  (Last  DK3WN  report  201--03-10  and  SatNOGS  reports);2018-12-03;43784;QuadPack  (XL)  [ISISpace];Falcon  9  (Spaceflight  SSO-A,  SHERPA);Seoul  National  University;University;Academic  /  Education;South  Korea;ISILaunch;Amateur  radio  communication  and  demonstrate  in-house  GPS  receiver.;['https://dl.airtable.com/CpfC7EfoSeq3VFUJX7xZ_Snuglite.jpg']
SNUSat-2;CubeSat;3U;Operational  (Last  SatNOGS  report  2019-05-02);2018-12-03;43782;QuadPack  (XL)  [ISISpace];Falcon  9  (Spaceflight  SSO-A,  SHERPA);Seoul  National  University;University;Academic  /  Education;South  Korea;ISILaunch;Early-stage  disaster  monitoring  and  demonstrate  in-house  technologies.;['https://dl.airtable.com/.attachments/f465ba904116a1855f0d75e379c2c664/7da39be0/SNUSAT-2.png']
Suomi  100  (Finland100);CubeSat;1U;Operational  (Social  media  news  on  2019-04-12.  checked  on  2019-05-26);2018-12-03;43804;QuadPack  (XL)  [ISISpace];Falcon  9  (Spaceflight  SSO-A,  SHERPA);Aalto  University;University;Academic  /  Education;Finland;ISILaunch;Celebrate  Finland's  100th  independence  with  camera  and  low-frequency  receiver  to  detect  auroras.;['https://dl.airtable.com/K4v2dQ0xRGKst5XsHqvt_JY1SAT.png']
VisionCube;CubeSat;2U;No  signal  (No  confirmed  reports  on  Twitter  and  SatNOGS.  There  seem  to  be  2  objects  too  many  from  this  launch  and  maybe  this  was  not  onboard  at  all  due  to  the  complete  lack  of  news  while  others  are  accounted  for?);2018-12-03;43822?;QuadPack  (XL)  [ISISpace];Falcon  9  (Spaceflight  SSO-A,  SHERPA);Korea  Aerospace  University;University;Academic  /  Education;South  Korea;ISILaunch;Obtain  images  of  Transient  Luminous  Events  in  the  upper  atmosphere.;['https://dl.airtable.com/.attachments/520a119ff2c4757a1e214784e616bc5d/962d26d8/VisionCube.png']
CeREs  (Compact  Radiation  Belt  Explorer);CubeSat;3U;Was  semi-operational  until  2018-12-XX?  (Indirect  tweet  from  Jonathan  McDowell 
                                                on  2019-03-04  and  official  presentation  at  Planetary  CubeSats  Symposum);2018-12-16;43853?;RailPOD  [Tyvak];Electron;NASA  Goddard  Space  Flight  Center;Space  agency;Government  (Civil  /  Military);US;TriSept;Study  primary  radiation  belt  energization,  as  well  as  loss  electron  spectra  and  microbursts.;['https://dl.airtable.com/fEJNG2mtQTyOEqosrxWT_CERES.png',  'https://dl.airtable.com/OffTdWRYQIehGbPlGY1h_CeREs2.jpg',  'https://dl.airtable.com/xkwuxmk5TjuCJQnHhlDb_CeRes.jpg',  'https://dl.airtable.com/.attachments/081a9d87e767e6a4f3ab8aec47cf9acb/01cdb7ff/CeREs_3.png']
CHOMPTT  (CubeSat  Handling  of  Multisystem  Precision  Time  Transfer);CubeSat;3U;Operational  (Official  tweet  on  2019-11-21  checked  on  2020-01-01);2018-12-16;43855;RailPOD  [Tyvak];Electron;University  of  Florida;University;Academic  /  Education;US;TriSept;Demonstrate  low  cost,  precision  time  transfer  between  ground  and  satellite  using  a  laser.;['https://dl.airtable.com/PjaBUkyRhy9hirwL9Ijj_CHOMPTT.png',  'https://dl.airtable.com/LkRVqaBqQkyNuLLNXurr_CHOMPTT2.jpg',  'https://dl.airtable.com/18oduHsZTsaYzPz0jAhu_CHOMPTT.jpg',  'https://dl.airtable.com/.attachments/3a4a43a0ab0411cb8322a07e1273c51c/a39f2502/CHOMPTT_3.jpg',  'https://dl.airtable.com/.attachments/5402b83e22d4401ecf7b639d414437e1/83c74347/CHOMPTT_5.jpg',  'https://dl.airtable.com/.attachments/2e219a9f443017766538846c83f9b4da/4f464d6c/CHOMPTT_4.jpg']
RSat-P  (Repair  CubeSat  Prototype);CubeSat;3U;No  signal  (Tweet  from  Jonathan  McDowell  on  2019-03-04);2018-12-16;43854?;RailPOD  [Tyvak];Electron;US  Naval  Academy  Satellite  Lab;University;Academic  /  Education;US;TriSept;Demonstrate  the  feasibility  of  using  CubeSats  to  diagnose  malfunctions  and  perform  on  orbit  repairs  on  satellites.;['https://dl.airtable.com/oOmmsDb5QVO8IkGxfgTH_RSat.png',  'https://dl.airtable.com/ehtRWCMnRimynuMxeGUr_RSat3.jpg',  'https://dl.airtable.com/UW29xVTEOa71SNEKZQ9w_RSat2.jpg',  'https://dl.airtable.com/.attachments/9593c47c963174b53036e6630d868a32/7bdaf4a5/RSat-P_17.jpg',  'https://dl.airtable.com/.attachments/4750d3a4d330939c6592bfa63ed289c3/592cf7f0/RSat-P_18.jpg',  'https://dl.airtable.com/.attachments/e3c5e098b5b51725e145023d2cecf152/a11e74e8/RSat-P_19.jpg',  'https://dl.airtable.com/.attachments/956cf96b1cca50d130af25edc2d09e8b/1bce9950/RSat-P_13.jpg',  'https://dl.airtable.com/.attachments/9a8717e90faf4be1dffa292490848952/a0a83821/RSat-P_14.jpg',  'https://dl.airtable.com/.attachments/e83b24e732f997affc58ea724bcbe60c/0f36da65/RSat-P_12.jpg',  'https://dl.airtable.com/.attachments/653cdd92b338c89c921c6c4bfdff30db/493d6527/RSat-P_15.jpg',  'https://dl.airtable.com/.attachments/26ae209b6b082bb7fb44f15a067ce752/1eacfb61/RSat-P_16.jpg',  'https://dl.airtable.com/.attachments/d782d4054a8a561cb1627df13cb913af/355fb1bc/RSat-P_10.jpg',  'https://dl.airtable.com/.attachments/acb16f5a4ef307547f41ac59c5885cfc/4f1b63c3/RSat-P_9.jpg',  'https://dl.airtable.com/.attachments/074f6ef471e73a3d8a4deeb34f4af5c8/148cc989/RSat-P_8.jpg',  'https://dl.airtable.com/.attachments/38d91e3953ed44db5d6143787751aa17/6d5563a1/RSat-P_5.png',  'https://dl.airtable.com/.attachments/09e38f827bb64efb89ef7f5a845b3665/f91844ca/RSat-P_11.jpg',  'https://dl.airtable.com/.attachments/e3586bd64ba07a8c47ffe5577b0afa6d/995f87f5/RSat-P_7.jpg',  'https://dl.airtable.com/.attachments/a0148a2566c65de2d8770b75e3b0d8b7/69571ee1/RSat-P_1.jpg',  'https://dl.airtable.com/.attachments/faadfa1d1f3575b976cbb7c0f0fd4069/2a617e2e/RSat-P_6.jpg',  'https://dl.airtable.com/IB2kqc17QTiohPQLGAoO_RSat.jpg',  'https://dl.airtable.com/.attachments/42351ea21522bc484742a2996c4ed449/603bc409/RSat-P_4.jpg',  'https://dl.airtable.com/.attachments/795f3ce6566186591efb2d42c6c7a29a/ab244d46/RSat-P_3.jpg',  'https://dl.airtable.com/.attachments/92eb92a4d3f929326094da4a25e828ff/306078f1/RSat-P_2.jpg']
LUME-1;CubeSat;2U;Operational  (Social  media  news  on  2018-12-27  and  latest  SatNOGS  report  2019-05-26);2018-12-27;43908;QuadPack  (XL)  [ISISpace];Sojuz-2-1b;University  of  Vigo;University;Academic  /  Education;Spain;ISILaunch;Validate  software  defined  radio  for  communications  and  spectrum  monitoring  capabilities.;['https://dl.airtable.com/t2HIEZ04QCyluRO9sdPL_lume-web.png',  'https://dl.airtable.com/EZGDrJzwQDioIuD0YSbX_Lume-1.jpeg']
NEXUS  (Next  Education  X  (cross)  Unique  Satellite,  Fuji-OSCAR  99);CubeSat;1U;Operational  (Official  website  and  blog  updated  daily  and  last  checked  on  2019-12-31);2019-01-18;43937;E-SSOD  (Epsilon  Small  Satellite  Orbital  Deployer)  [JAXA];Epsilon;Nihon  University;University;Academic  /  Education;Japan;JAXA,  ?;Amateur  radio  communications  plus  camera.;['https://dl.airtable.com/.attachments/d884e216a84b5b0b92e0d8f8ecb005c5/9d157b13/NEXUS.png']
Falcon  ODE  (AFOTEC-1,  Falcon  Orbital  Debris  Experiment,  Air  Force  Operational  Test  and  Evaluation  Center,  SFERES,  Space  Fence  Evaluation  of  Radar  EffectivenesS);CubeSat;1U;Operational?  (No  public  news  found,  but  likely  operational);2019-05-03;44225;Maxwell  [Rocket  Lab];Electron;Air  Force  Academy;University;Academic  /  Education;US;Rocket  Lab;Evaluate  ground-based  tracking  of  space  objects  and  educational  mission.;['https://dl.airtable.com/.attachments/56349bae21f3aee7fa3af9e9ab1f7b50/7dbb7796/Falcon-ODE_SFERES_AFOTEC_2.png',  'https://dl.airtable.com/.attachments/f13089aefa0c5ea41a822b784448f6a2/160c21a8/Falcon-ODE_SFERES_AFOTEC.png']
ATL-1  (Advanced  Technology  of  Laser,  Magyar-OSCAR  106,  MO-106);PocketQube;PocketQube  2p;Operational  (Many  reports  by  SatNOGS  and  JA0CAW  as  of  2019-12-26);2019-12-06;44831;Albapod  [Alba  Orbital];Electron  (Alba  Cluster  2);ATL  (Advanced  Technology  of  Laser);Company;Commercial;Hungary;Alba  Orbital;Testing  a  new  thermal  isolation  material  in  space.  Thermal  insulator  material  experiment  &  DVB-T  band  spectrum  monitoring. 
                                        ;['https://dl.airtable.com/.attachments/9de69fba5200f7cff9d68dd9c67150cd/23024e8f/ATL-1.png',  'https://dl.airtable.com/.attachments/66b363c8bd8e33bc3ed1798c0aba967f/b7ba279d/ATL-1.jpeg',  'https://dl.airtable.com/G8O3fuIStemBa3Umwlgw_ATL-1.jpg',  'https://dl.airtable.com/.attachments/377117a77dbdced09b16bceec892154f/62e8f53b/ATL-1_2.jpg']
EyeSat  (EYE-SAT,  EYESAT-NANO);CubeSat;3U;Operational  (Update  via  email  in  January  2020);2019-12-18;44877;ISIPOD  [ISISpace];Sojuz  (Arianespace);CNES;Space  agency;Government  (Civil  /  Military);France;ISILaunch;Astronomy  mission  to  study  the  zodiacal  light  and  imaging  of  the  Milky  Way.;['https://dl.airtable.com/1OvhgfxZTGKUnIMkubty_eyesat.gif',  'https://dl.airtable.com/.attachments/aeb7454fd266e8106f0902133675d612/b286ef0a/Eye-Sat_4.jpg',  'https://dl.airtable.com/.attachments/498b918f82bfced80d63282fd73bdbca/11c6df29/Eye-Sat_3.jpg',  'https://dl.airtable.com/.attachments/3d0cd49f7ef96bc581f0c273ef7d602f/30838038/Eye-Sat_2.jpg',  'https://dl.airtable.com/.attachments/32fd904b27e4219bef0c5fd43380a475/c4f2d105/Eye-Sat.jpg']
MeznSat;CubeSat;3U;Operational  (Official  news  on  2020-09-29);2020-09-28;?;EXOpod  12U/16U  [Exolaunch  ECM];Sojuz;Masdar  Institute  of  Science  and  Technology;University;Academic  /  Education;United  Arab  Emirates;Exolaunch  (ECM);Short-Wave  Infra-Red  (SWIR)  spectrometer  for  CO2  and  Methane  measurements  in  the  atmosphe.;['https://dl.airtable.com/UJEW3yyYT3SkhHYim8yP_MeznSat.png',  'https://dl.airtable.com/.attachments/bd5f0c7b6f77128926fb0894c3271fd5/3c16de86/MeznSat_2.jpg',  'https://dl.airtable.com/.attachments/76bc4c8645d3d457d88d1ad4906a8162/fbf8139a/MeznSat_2.png',  'https://dl.airtable.com/.attachments/59ac044f99b943dca1f319cd673890ca/ee8172a0/MeznSat_3.jpg']
